{
    "Command": "STF:PowerStat.Online",
    "Device": {
        "Info": {
            "ID": "70A11D1D01000026",
            "Hardware": "03.00.00",
            "Firmware": "03.00.00"
        },
        "Power": {
            "Battery": {
                "AC": -0.15,
                "FB": 2000,
                "IB": 1300,
                "IV": 4.17,
                "SOC": 92.13,
                "T": 0,
                "Charge": 3
            }
        },
        "IoT": {
            "GSM": {
                "Module": {
                    "Firmware": "13.00.007",
                    "IMEI": "353613080341871",
                    "Manufacturer": 1,
                    "Model": 1,
                    "Serial": "0001767743"
                },
                "Operator": {
                    "Iccid": "8990011916180288985",
                    "Code": 28601,
                    "RSSI": 10,
                    "ConnTime": 22
                }
            }
        }
    },
    "Payload": {
        "TimeStamp": "2022-03-23  14:18:28",
        "PowerStat": {
            "DeviceStatus": 240,
            "FaultStatus": 500,
            "Temperature": 27.91341,
            "Humidity": 24.7523,
            "Pressure": {
                "Min": 6.792786,
                "Max": 6.841798,
                "Avg": 6.801981,
                "Inst": 6.819542,
                "Slope": -0.000488,
                "Offset": 16,
                "R2": 0.724861,
                "DataCount": 48
            },
            "Energy": {
                "Voltage": [222.0329, 220.3512, 223.6668],
                "Current": [0.007388, 0.006879, 0.007192],
                "PowerFactor": -0.15941,
                "Consumption": [60697, 14007, 60697],
                "Frequency": 50.02493
            },      
            "Fault": [true, true, true, false, true, true, true, true, false, true, true]
        }
    }
}
