{
    "Command": "STF:WeatherStat.Timed",
    "Device": {
        "Info": {
            "ID": "70A11D1D01000026",
            "Hardware": "03.00.00",
            "Firmware": "03.00.00"
        },
        "Power": {
            "Battery": {
                "AC": -0.15,
                "FB": 2000,
                "IB": 1300,
                "IV": 4.17,
                "SOC": 92.13,
                "T": 0,
                "Charge": 3
            }
        },
        "IoT": {
            "GSM": {
                "Module": {
                    "Firmware": "13.00.007",
                    "IMEI": "353613080341871",
                    "Manufacturer": 1,
                    "Model": 1,
                    "Serial": "0001767743"
                },
                "Operator": {
                    "Iccid": "8990011916180288985",
                    "Code": 28601,
                    "RSSI": 10,
                    "ConnTime": 22
                }
            }
        }
    },
    "Payload": {
        "TimeStamp": "2022-03-23  14:18:28",
        "WeatherStat": {
            "Location": {
                "Latitude": 47.407614681869745,
                "Longitude": 8.553115781396627
            },
            "Environment": {
                "AT": 22.223,
                "AH": 22.222,
                "AP": 222.22,
                "UV": 3,
                "ST": [
                    22.22,
                    0,
                    0,
                    22.11
                ],
                "R": 22,
                "WD": 329,
                "WS": 22.33
            }
        }
    }
}